<ConfigurationScript>
    <Start>
        <!-- Configuración principal para Free Fire -->
        <mconfig>script aimheadshot.xml</mconfig>
        <script>aimlock.enemy~target HEAD</script>
        <configuration>dpi.screen</configuration>

        <!-- Versión actualizada -->
        <configurationAimbotFF>1.109.3</configurationAimbotFF>
        <mconfigAimheadshotFF>2019118072</mconfigAimheadshotFF>
        <mconfigSensitivityWeapon>3.5</mconfigSensitivityWeapon>
        <mconfigAimlockEnemy>4.2</mconfigAimlockEnemy>
        <mconfigSensitivity9000>5.8</mconfigSensitivity9000>
        <mconfigAimfov9000>6.7</mconfigAimfov9000>
        <mconfigAimbotFF>1.109.3</mconfigAimbotFF>

        <!-- Activación de características -->
        <featureActivitedFreefire>true</featureActivitedFreefire>
        <configurationAimbotOn>true</configurationAimbotOn>
        <configurationAimfov9000On>true</configurationAimfov9000On>
        <configurationAimlockOn>true</configurationAimlockOn>
        <configurationAimrednumbersOn>true</configurationAimrednumbersOn>
        <configurationDpi9000On>true</configurationDpi9000On>
        <configurationAnticheatOn>true</configurationAnticheatOn>
        <systemWebConfigurationScripting>true</systemWebConfigurationScripting>

        <!-- Optimización de rendimiento -->
        <systemConfigurationProcessing>100%</systemConfigurationProcessing>
        <configurationFileHeadshot>100</configurationFileHeadshot>
        <fileConfig>200</fileConfig>
        <fileScript>300</fileScript>
        <headshotNocheat>400</headshotNocheat>
        <scriptAimlock>500</scriptAimlock>
        <scriptNobanned>600</scriptNobanned>
        <configurationAimbot>1.109.3</configurationAimbot>
        <scriptEasyheadshot>2.5</scriptEasyheadshot>
        <scriptRedDamageNumbers>3.2</scriptRedDamageNumbers>
        <configurationAimfov>4.8</configurationAimfov>
        <configurationDpiscreen9000>on</configurationDpiscreen9000>
        <configuration60fps>60</configuration60fps>
        <configuration60hz>60</configuration60hz>
        <dpiSensivity>1.2</dpiSensivity>
        <screenDpi9000>on</screenDpi9000>
        <sensivitydevice>systemOS</sensivitydevice>

        <!-- Características avanzadas -->
        <feature>
            <featureName>OPTIMALISASI MAXIMA</featureName>
            <featureTarget>screen</featureTarget>
            <featureDescription>Optimización avanzada para mejorar el rendimiento y la precisión en Free Fire.</featureDescription>
            <featureBlock>
                <featureBlockName>OPTIMALISASI</featureBlockName>
                <featureBlockConfig>sections</featureBlockConfig>
            </featureBlock>
        </feature>

        <!-- Tipo de configuración -->
        <type>System.Web.Configuration.ScriptingGameServiceWorkAllMode</type>
    </Start>

    <completion>
        <!-- Resultados de la ejecución del script -->
        <status>success</status>
        <message>Configuración aplicada correctamente.</message>
    </completion>
</ConfigurationScript>