<DaptScript>
  <Start>
    <!-- Configuración principal del script -->
    <scriptType>DAPT</scriptType>

    <!-- Configuración dentro del juego -->
    <gameConfig>
      <package>com.dts.freefireth</package>
      <cursor>
        <cursorValueGravity>
          <cursor1>2019118072</cursor1> <!-- Valor actualizado aquí -->
          <cursor2>scope.m.lib</cursor2>
          <cursorType>crosshair</cursorType>
        </cursorValueGravity>
        <crosshairConfig>
          <crosshairType>system</crosshairType>
          <crosshairDensity>no-recoil</crosshairDensity>
        </crosshairConfig>
      </cursor>
      <redirect>in-game query</redirect>
    </gameConfig>

    <!-- Ejecución del aimbot -->
    <execution>
      <function>jexe_aimbot()</function>
      <result>¡Resultado de jexe_aimbot()!</result>
    </execution>
  </Start>

  <completion>
    <!-- Resultados de la ejecución del script -->
    <status>success</status>
    <message>Script ejecutado correctamente.</message>
  </completion>
</DaptScript>