<?xml version="1.0" encoding="UTF-8"?>
<DAPT type="script">
    <!-- Configuración básica -->
    <af>af</af>
    <co>co (in the game)</co>
    <in_the_game>com.dts.freefireth</in_the_game>

    <!-- Configuración del cursor -->
    <CURSOR_VALUE_GRAVITY>
        <CURSOR_1>2019118072</CURSOR_1> <!-- Valor actualizado -->
        <CURSOR_2>scope.m.lib</CURSOR_2>
        <CURSOR_TYPE_CROSSHAIR>Density type no recoil</CURSOR_TYPE_CROSSHAIR>
    </CURSOR_VALUE_GRAVITY>

    <!-- Configuración de la mira -->
    <CURSOR_TYPE_CROSSHAIR>
        <CROSSHAIR>value off system</CROSSHAIR>
        <redirect>from query (in the game)</redirect>
    </CURSOR_TYPE_CROSSHAIR>

    <!-- Configuración del aimbot -->
    <jexe-aimbot>dapt</jexe-aimbot>

    <!-- Configuración de sensibilidad y apuntado -->
    <configuration>
        <com.dts.freefireth~[sensitivity]>
            <noRecoil>90</noRecoil>
            <aimFov>90.0</aimFov>
            <aimLock>90</aimLock>
            <aimBot>90.0</aimBot>
            <aimAssist>90</aimAssist>
            <sensitivity>9000.0</sensitivity>
            <isAiming>true</isAiming>
        </com.dts.freefireth~[sensitivity]>
    </configuration>

    <!-- Rutas y versiones -->
    <gameAssetBundlesDir>emulated/storage/Android/data/com.dts.freefireth/files/contentcache/Compulsory/android/gameassetbundles/config</gameAssetBundlesDir>
    <mainPath>main.path.2019118072</mainPath> <!-- Valor actualizado -->
    <versionInfo>1.109.3</versionInfo>
</DAPT>