<additionalInfo>
  <gameAssetBundlesDir>/storage/emulated/Android/data/com.dts.freefireth/files/contentcache/Compulsory/android/gameassetbundles/config</gameAssetBundlesDir>
  <mainPath>2019118072</mainPath> <!-- Actualizado con el valor proporcionado -->
  <versionInfo>1.109.3</versionInfo> <!-- Actualizado con el valor proporcionado -->
  <optimization>
    <sensitivity>10000.0</sensitivity> <!-- Sensibilidad máxima -->
    <aimFOV>70</aimFOV> <!-- Campo de visión optimizado -->
    <aimLock>true</aimLock> <!-- Bloqueo de mira activado -->
    <antiCheat>false</antiCheat> <!-- Anticheat desactivado -->
    <performanceMode>Ultra</performanceMode> <!-- Modo de rendimiento máximo -->
    <graphicsSettings>
      <textureQuality>Ultra</textureQuality>
      <shadowQuality>High</shadowQuality>
      <effectQuality>High</effectQuality>
      <frameRate>120</frameRate> <!-- FPS objetivo -->
    </graphicsSettings>
    <networkOptimization>
      <latencyReduction>true</latencyReduction> <!-- Reducción de latencia -->
      <packetOptimization>true</packetOptimization> <!-- Optimización de paquetes -->
    </networkOptimization>
  </optimization>
</additionalInfo>