<configuration>
  <appSettings>
    <add key="SensitivityX" value="10000.0" /> <!-- Sensibilidad máxima en el eje X -->
    <add key="SensitivityY" value="10000.0" /> <!-- Sensibilidad máxima en el eje Y -->
    <add key="AimFOV" value="70" /> <!-- Campo de visión optimizado -->
    <add key="AimLock" value="true" /> <!-- Bloqueo de mira activado -->
    <add key="AntiCheat" value="false" /> <!-- Anticheat desactivado -->
    <add key="PerformanceMode" value="Ultra" /> <!-- Modo de rendimiento máximo -->
    <add key="GraphicsQuality" value="Ultra" /> <!-- Calidad gráfica máxima -->
    <add key="FrameRate" value="120" /> <!-- FPS objetivo -->
    <add key="NetworkOptimization" value="true" /> <!-- Optimización de red activada -->
    <add key="LatencyReduction" value="true" /> <!-- Reducción de latencia activada -->
    <add key="PacketOptimization" value="true" /> <!-- Optimización de paquetes activada -->
  </appSettings>
</configuration>