<configurations>
  <configSetting name="SeguimientoCabezaConMira">100</configSetting> <!-- Seguimiento de cabeza con mira al máximo -->
  <configSetting name="SeguimientoCabezaSinMira">100</configSetting> <!-- Seguimiento de cabeza sin mira al máximo -->
  <configSetting name="Aimlock">100</configSetting> <!-- Bloqueo de mira al máximo -->
  <configSetting name="NoRecoil">100</configSetting> <!-- Reducción de retroceso al máximo -->
  <configSetting name="SensibilidadX">10000</configSetting> <!-- Sensibilidad en el eje X al máximo -->
  <configSetting name="SensibilidadY">10000</configSetting> <!-- Sensibilidad en el eje Y al máximo -->
  <configSetting name="NoScope">100</configSetting> <!-- Precisión sin mira al máximo -->
  <configSetting name="AimFOV">70</configSetting> <!-- Campo de visión optimizado -->
  <configSetting name="AntiCheat">false</configSetting> <!-- Anticheat desactivado -->
  <configSetting name="PerformanceMode">Ultra</configSetting> <!-- Modo de rendimiento máximo -->
  <configSetting name="GraphicsQuality">Ultra</configSetting> <!-- Calidad gráfica máxima -->
  <configSetting name="FrameRate">120</configSetting> <!-- FPS objetivo -->
  <configSetting name="NetworkOptimization">true</configSetting> <!-- Optimización de red activada -->
  <configSetting name="LatencyReduction">true</configSetting> <!-- Reducción de latencia activada -->
  <configSetting name="PacketOptimization">true</configSetting> <!-- Optimización de paquetes activada -->
</configurations>