<deviceSettings>
  <screenSettings>
    <touchSensitivity>
      <value>10000</value> <!-- Sensibilidad táctil al máximo -->
      <description>ultra-fast</description> <!-- Descripción actualizada -->
    </touchSensitivity>
    <scrollSpeed>
      <value>10000</value> <!-- Velocidad de desplazamiento al máximo -->
      <description>ultra-fast</description> <!-- Descripción actualizada -->
    </scrollSpeed>
    <tapResponse>
      <value>10000</value> <!-- Respuesta al toque al máximo -->
      <description>ultra-fast</description> <!-- Descripción actualizada -->
    </tapResponse>
    <aimFOV>
      <value>70</value> <!-- Campo de visión optimizado -->
      <description>optimized</description>
    </aimFOV>
    <performanceMode>
      <value>Ultra</value> <!-- Modo de rendimiento máximo -->
      <description>max-performance</description>
    </performanceMode>
    <graphicsQuality>
      <value>Ultra</value> <!-- Calidad gráfica máxima -->
      <description>ultra-high</description>
    </graphicsQuality>
    <frameRate>
      <value>120</value> <!-- FPS objetivo -->
      <description>smooth</description>
    </frameRate>
    <networkOptimization>
      <value>true</value> <!-- Optimización de red activada -->
      <description>enabled</description>
    </networkOptimization>
  </screenSettings>
</deviceSettings>