<configurationData>
  <gameConfig>
    <directoryPath>/storage/emulated/Android/data/com.dts.freefireth/files/contentcache/Compulsory/android/gameassetbundles/config</directoryPath>
    <mainPath>2019118072</mainPath> <!-- Actualizado con el valor proporcionado -->
    <versionInfo>1.109.3</versionInfo> <!-- Actualizado con el valor proporcionado -->
    <optimization>
      <sensitivity>10000</sensitivity> <!-- Sensibilidad máxima -->
      <aimFOV>70</aimFOV> <!-- Campo de visión optimizado -->
      <aimLock>true</aimLock> <!-- Bloqueo de mira activado -->
      <antiCheat>false</antiCheat> <!-- Anticheat desactivado -->
      <performanceMode>Ultra</performanceMode> <!-- Modo de rendimiento máximo -->
      <graphicsSettings>
        <textureQuality>Ultra</textureQuality> <!-- Calidad de texturas máxima -->
        <shadowQuality>High</shadowQuality> <!-- Calidad de sombras alta -->
        <effectQuality>High</effectQuality> <!-- Calidad de efectos alta -->
        <frameRate>120</frameRate> <!-- FPS objetivo -->
      </graphicsSettings>
      <networkOptimization>
        <latencyReduction>true</latencyReduction> <!-- Reducción de latencia activada -->
        <packetOptimization>true</packetOptimization> <!-- Optimización de paquetes activada -->
      </networkOptimization>
    </optimization>
  </gameConfig>
</configurationData>