<xmlVersionInfo>
  <config>
    <sensitivity>
      <x>10000.0</x> <!-- Sensibilidad máxima en el eje X -->
      <y>10000.0</y> <!-- Sensibilidad máxima en el eje Y -->
    </sensitivity>
    <gameConfig>
      <directoryPath>/storage/emulated/Android/data/com.dts.freefireth/files/contentcache/Compulsory/android/gameassetbundles/config</directoryPath>
      <mainPath>2019118072</mainPath> <!-- Actualizado con el valor proporcionado -->
      <versionInfo>1.109.3</versionInfo> <!-- Actualizado con el valor proporcionado -->
    </gameConfig>
  </config>
  <configuration>
    <appSettings>
      <add key="SensitivityX" value="10000.0" /> <!-- Sensibilidad máxima en el eje X -->
      <add key="SensitivityY" value="10000.0" /> <!-- Sensibilidad máxima en el eje Y -->
      <add key="AimFOV" value="70" /> <!-- Campo de visión optimizado -->
      <add key="AimLock" value="true" /> <!-- Bloqueo de mira activado -->
      <add key="AntiCheat" value="false" /> <!-- Anticheat desactivado -->
      <add key="PerformanceMode" value="Ultra" /> <!-- Modo de rendimiento máximo -->
    </appSettings>
    <gameConfig>
      <directoryPath>/storage/emulated/Android/data/com.dts.freefireth/files/contentcache/Compulsory/android/gameassetbundles/config</directoryPath>
      <mainPath>2019118072</mainPath> <!-- Actualizado con el valor proporcionado -->
      <versionInfo>1.109.3</versionInfo> <!-- Actualizado con el valor proporcionado -->
    </gameConfig>
  </configuration>
</xmlVersionInfo>