{
    "AutoAim": {
        "enemyTag": "Enemy", // Etiqueta para identificar enemigos
        "rotationSpeed": 720.0, // Velocidad de rotación aumentada para mayor precisión
        "maxDistance": 1000.0, // Distancia máxima para detectar enemigos
        "smoothRotation": true // Rotación suave habilitada
    },
    "Start": {
        "FindClosestEnemy": true // Buscar el enemigo más cercano al inicio
    },
    "Update": {
        "if": {
            "condition": "target != null", // Verificar si hay un objetivo
            "actions": [
                {
                    "direction": "target.position - transform.position", // Calcular dirección hacia el objetivo
                    "rotation": "Quaternion.LookRotation(direction, Vector3.up)", // Calcular rotación hacia el objetivo
                    "transform.rotation": "Quaternion.RotateTowards(transform.rotation, rotation, rotationSpeed * Time.deltaTime)" // Rotar suavemente
                }
            ]
        },
        "else": {
            "actions": [
                {
                    "FindClosestEnemy": true // Buscar un nuevo objetivo si no hay uno actual
                }
            ]
        }
    },
    "FindClosestEnemy": {
        "actions": [
            {
                "enemies": "FindObjectsWithTag(enemyTag)", // Obtener todos los enemigos con la etiqueta "Enemy"
                "closestEnemy": "null",
                "closestDistance": "Mathf.Infinity",
                "loop": {
                    "for": "enemy in enemies",
                    "actions": [
                        {
                            "distance": "Vector3.Distance(enemy.position, transform.position)", // Calcular distancia al enemigo
                            "if": {
                                "condition": "distance < closestDistance && distance <= maxDistance", // Verificar si es el más cercano y está dentro del rango
                                "actions": [
                                    {
                                        "closestDistance": "distance", // Actualizar distancia más cercana
                                        "closestEnemy": "enemy" // Asignar como nuevo objetivo
                                    }
                                ]
                            }
                        }
                    ]
                },
                "target": "closestEnemy" // Asignar el enemigo más cercano como objetivo
            }
        ]
    },
    "Settings": {
        "performanceMode": "Ultra", // Modo de rendimiento máximo
        "frameRate": 120, // FPS objetivo
        "antiCheat": false // Anticheat desactivado
    }
}