<configuration>
  <mconfig>
    <sensitivity>
      <sensitivityType>com.dts.freefireth~[sensitivity]</sensitivityType>
      <value>10000</value> <!-- Sensibilidad máxima -->
    </sensitivity>
    <aimlock>
      <enemy>
        <target>HEAD</target>
        <precision>100.0</precision> <!-- Precisión de bloqueo de mira al máximo -->
      </enemy>
    </aimlock>
    <configuration>
      <dpi>screen</dpi>
      <value>10000</value> <!-- DPI de pantalla al máximo -->
    </configuration>
    <aimheadshot>
      <ff />
      <player id="assetindexer.avatar~3D">
        <calculateAimTarget />
        <aimAtTarget />
        <aimbot />
        <enableAimHeadshot />
      </player>
    </aimheadshot>
    <sensitivity>
      <weapon>
        <value>10000</value> <!-- Sensibilidad del arma al máximo -->
      </weapon>
      <player id="assetindexer.avatar~3D">
        <calculateAimTarget />
        <aimAtTarget />
        <aimbot />
        <enableAimHeadshot />
      </player>
    </sensitivity>
    <aimlock>
      <enemy>
        <target>HEAD</target>
        <precision>100.0</precision> <!-- Precisión de bloqueo de mira al máximo -->
      </enemy>
      <player id="assetindexer.avatar~3D">
        <calculateAimTarget />
        <aimAtTarget />
        <aimbot />
        <enableAimlock />
        <disableAimlock />
      </player>
    </aimlock>
    <aimfov>
      <value>90</value> <!-- Campo de visión optimizado -->
      <player id="assetindexer.avatar~3D">
        <calculateAimTarget />
        <aimAtTarget />
        <aimbot />
      </player>
    </aimfov>
    <aimbot>
      <ff />
    </aimbot>
  </mconfig>
  <feature activited="freefire">
    <configuration>
      <aimbot>on</aimbot> <!-- Aimbot activado -->
      <aimfov>90</aimfov> <!-- Campo de visión optimizado -->
      <aimlock>on</aimlock> <!-- Bloqueo de mira activado -->
      <aimrednumbers>on</aimrednumbers> <!-- Números de daño rojos activados -->
      <dpi>10000</dpi> <!-- DPI al máximo -->
      <anticheat>off</anticheat> <!-- Anticheat desactivado -->
      <System.web.configuration.Scripting>off</System.web.configuration.Scripting> <!-- Scripting desactivado -->
    </configuration>
  </feature>
  <system.configuration>
    <processing>on</processing> <!-- Procesamiento activado -->
    <file>
      <headshot>on</headshot> <!-- Headshot activado -->
      <config>on</config> <!-- Configuración activada -->
      <script>on</script> <!-- Scripting activado -->
    </file>
    <headshot>
      <nocheat>on</nocheat> <!-- Sin detección de cheat -->
    </headshot>
    <script>
      <aimlock>on</aimlock> <!-- Bloqueo de mira activado -->
      <nobanned>on</nobanned> <!-- Sin baneos -->
      <easyheadshot>on</easyheadshot> <!-- Headshot fácil activado -->
      <red.damage.numbers>on</red.damage.numbers> <!-- Números de daño rojos activados -->
    </script>
    <aimfov>on</aimfov> <!-- Campo de visión activado -->
    <dpiscreen>
      <value>10000</value> <!-- DPI de pantalla al máximo -->
    </dpiscreen>
    <fps>
      <value>120</value> <!-- FPS objetivo aumentado a 120 -->
    </fps>
    <hz>
      <value>120</value> <!-- Frecuencia de actualización aumentada a 120 Hz -->
    </hz>
    <dpi>
      <sensivity>10000</sensivity> <!-- Sensibilidad al máximo -->
    </dpi>
    <screen>
      <dpi>
        <value>10000</value> <!-- DPI de pantalla al máximo -->
      </dpi>
      <sensivity>
        <device>SystemOS</device> <!-- Dispositivo optimizado para SystemOS -->
      </sensivity>
    </screen>
  </system.configuration>
</configuration>